﻿<?xml version="1.0" encoding="UTF-8" standalone="yes"?>
<addon id="plugin.video.idanplus" name="עידן+ פלוס" version="3.4.8" provider-name="Fishenzon">
    <requires>
        <import addon="script.module.requests"/>
        <import addon="script.module.xmltodict"/>
    </requires>
    <extension point="xbmc.python.pluginsource" library="default.py">
        <provides>video</provides>
    </extension>
    <extension point="xbmc.service" library="resources/lib/service.py" start="[login|startup]"/>
    <extension library="resources/" point="xbmc.python.module" />
    <extension library="resources/lib/" point="xbmc.python.module" />
    <extension point="xbmc.addon.metadata">
        <reuselanguageinvoker>true</reuselanguageinvoker>
        <assets>
            <icon>icon.png</icon>
            <fanart>fanart.jpg</fanart>
        </assets>
        <platform>all</platform>
        <summary lang="pt">Assista aos canais e programas oficiais da Idan Plus.</summary>
        <description lang="pt">Assista aos canais e programas oficiais da Idan Plus.[CR]Diversas opções nas configurações do add-on e clique direito em um item na lista para mais opções.</description>
        <news>- Correção para os vídeos sob demanda do Kan-news.</news>
        <supportedcontent>
            <content>tvshows</content>
        </supportedcontent>
    </extension>
</addon>
